{
    "name": "root",
    "gauges": {
        "Curriculum_1.Policy.Entropy.mean": {
            "value": 0.2330452799797058,
            "min": 0.21127118170261383,
            "max": 0.6561707258224487,
            "count": 63
        },
        "Curriculum_1.Policy.Entropy.sum": {
            "value": 4657.8759765625,
            "min": 4229.01513671875,
            "max": 13128.0078125,
            "count": 63
        },
        "Curriculum_1.Environment.EpisodeLength.mean": {
            "value": 9.927829414980863,
            "min": 8.797846304454234,
            "max": 138.8041958041958,
            "count": 63
        },
        "Curriculum_1.Environment.EpisodeLength.sum": {
            "value": 18158.0,
            "min": 17974.0,
            "max": 20126.0,
            "count": 63
        },
        "Curriculum_1.Step.mean": {
            "value": 1259995.0,
            "min": 19977.0,
            "max": 1259995.0,
            "count": 63
        },
        "Curriculum_1.Step.sum": {
            "value": 1259995.0,
            "min": 19977.0,
            "max": 1259995.0,
            "count": 63
        },
        "Curriculum_1.Policy.ExtrinsicValueEstimate.mean": {
            "value": 0.0001881479111034423,
            "min": -0.0035886059049516916,
            "max": 0.23660817742347717,
            "count": 63
        },
        "Curriculum_1.Policy.ExtrinsicValueEstimate.sum": {
            "value": 0.3441225290298462,
            "min": -2.8852391242980957,
            "max": 267.6038513183594,
            "count": 63
        },
        "Curriculum_1.Policy.GailValueEstimate.mean": {
            "value": 0.36919206380844116,
            "min": 0.3160304129123688,
            "max": 1.689292311668396,
            "count": 63
        },
        "Curriculum_1.Policy.GailValueEstimate.sum": {
            "value": 675.2522583007812,
            "min": 205.18939208984375,
            "max": 1361.569580078125,
            "count": 63
        },
        "Curriculum_1.Environment.CumulativeReward.mean": {
            "value": 0.0,
            "min": 0.0,
            "max": 0.0,
            "count": 63
        },
        "Curriculum_1.Environment.CumulativeReward.sum": {
            "value": 0.0,
            "min": 0.0,
            "max": 0.0,
            "count": 63
        },
        "Curriculum_1.Policy.ExtrinsicReward.mean": {
            "value": 0.0,
            "min": 0.0,
            "max": 0.0,
            "count": 63
        },
        "Curriculum_1.Policy.ExtrinsicReward.sum": {
            "value": 0.0,
            "min": 0.0,
            "max": 0.0,
            "count": 63
        },
        "Curriculum_1.Policy.GailReward.mean": {
            "value": 1.5720399469300135,
            "min": 1.2691402969899215,
            "max": 42.006053252236825,
            "count": 63
        },
        "Curriculum_1.Policy.GailReward.sum": {
            "value": 2875.2610629349947,
            "min": 2592.8536267504096,
            "max": 6926.274519324303,
            "count": 63
        },
        "Curriculum_1.Losses.PolicyLoss.mean": {
            "value": 0.05505230956235513,
            "min": 0.051229603487687805,
            "max": 0.06972236471677509,
            "count": 63
        },
        "Curriculum_1.Losses.PolicyLoss.sum": {
            "value": 0.11010461912471026,
            "min": 0.051229603487687805,
            "max": 0.13944472943355019,
            "count": 63
        },
        "Curriculum_1.Losses.ValueLoss.mean": {
            "value": 0.13224479428802927,
            "min": 0.05074715961236507,
            "max": 0.1538845397842427,
            "count": 63
        },
        "Curriculum_1.Losses.ValueLoss.sum": {
            "value": 0.26448958857605853,
            "min": 0.05074715961236507,
            "max": 0.3077690795684854,
            "count": 63
        },
        "Curriculum_1.Policy.LearningRate.mean": {
            "value": 0.00022484636505122,
            "min": 0.00022484636505122,
            "max": 0.00029938488020503996,
            "count": 63
        },
        "Curriculum_1.Policy.LearningRate.sum": {
            "value": 0.00044969273010244,
            "min": 0.00024299431900189994,
            "max": 0.0005969233210255599,
            "count": 63
        },
        "Curriculum_1.Policy.Epsilon.mean": {
            "value": 0.17494878000000003,
            "min": 0.17494878000000003,
            "max": 0.19979496000000005,
            "count": 63
        },
        "Curriculum_1.Policy.Epsilon.sum": {
            "value": 0.34989756000000005,
            "min": 0.18099810000000002,
            "max": 0.39897443999999993,
            "count": 63
        },
        "Curriculum_1.Policy.Beta.mean": {
            "value": 0.00037724902200000004,
            "min": 0.00037724902200000004,
            "max": 0.000498995304,
            "count": 63
        },
        "Curriculum_1.Policy.Beta.sum": {
            "value": 0.0007544980440000001,
            "min": 0.00040689068999999993,
            "max": 0.0009949747559999998,
            "count": 63
        },
        "Curriculum_1.Policy.GAILPolicyEstimate.mean": {
            "value": 0.17472756666441758,
            "min": 0.15648684911429883,
            "max": 0.453087817132473,
            "count": 63
        },
        "Curriculum_1.Policy.GAILPolicyEstimate.sum": {
            "value": 0.34945513332883515,
            "min": 0.291398935765028,
            "max": 0.8913882012168566,
            "count": 63
        },
        "Curriculum_1.Policy.GAILExpertEstimate.mean": {
            "value": 0.8189341527720293,
            "min": 0.546628687530756,
            "max": 0.8309640193978945,
            "count": 63
        },
        "Curriculum_1.Policy.GAILExpertEstimate.sum": {
            "value": 1.6378683055440586,
            "min": 0.546628687530756,
            "max": 1.661928038795789,
            "count": 63
        },
        "Curriculum_1.Losses.GAILLoss.mean": {
            "value": 0.5315272393325965,
            "min": 0.47731068457166353,
            "max": 1.271857417623202,
            "count": 63
        },
        "Curriculum_1.Losses.GAILLoss.sum": {
            "value": 1.063054478665193,
            "min": 0.8280928169687589,
            "max": 2.44142191807429,
            "count": 63
        },
        "Curriculum_1.Policy.GAILGradMagLoss.mean": {
            "value": 0.021153315207144866,
            "min": 0.014124975384523472,
            "max": 4.072739948829015,
            "count": 63
        },
        "Curriculum_1.Policy.GAILGradMagLoss.sum": {
            "value": 0.04230663041428973,
            "min": 0.014124975384523472,
            "max": 4.072739948829015,
            "count": 63
        },
        "Curriculum_1.Losses.PretrainingLoss.mean": {
            "value": 0.0765240565718462,
            "min": 0.07321504658708969,
            "max": 0.4580523322025935,
            "count": 63
        },
        "Curriculum_1.Losses.PretrainingLoss.sum": {
            "value": 0.1530481131436924,
            "min": 0.1072899413605531,
            "max": 0.5288291263083618,
            "count": 63
        },
        "Curriculum_1.IsTraining.mean": {
            "value": 1.0,
            "min": 1.0,
            "max": 1.0,
            "count": 63
        },
        "Curriculum_1.IsTraining.sum": {
            "value": 1.0,
            "min": 1.0,
            "max": 1.0,
            "count": 63
        }
    },
    "metadata": {
        "timer_format_version": "0.1.0",
        "start_time_seconds": "1711659608",
        "python_version": "3.10.12 | packaged by Anaconda, Inc. | (main, Jul  5 2023, 19:01:18) [MSC v.1916 64 bit (AMD64)]",
        "command_line_arguments": "C:\\Users\\Dapqu\\anaconda3\\envs\\mlagents\\Scripts\\mlagents-learn Config/flapai.yaml --run-id=DeeStage1 --train",
        "mlagents_version": "1.1.0.dev0",
        "mlagents_envs_version": "1.1.0.dev0",